全会,九届全国人大,会议,制度,全国政协,改革,一次,社会主义,领导,九届,干部队伍,中央委员会,领导人员,审议,第十五届,伟大旗帜,名单,十五大,中国共产党,国家
农村,全会,农业,建设,经济,社会主义,发展,十五大,中央委员会,农民,我国,必须,改革,加强,贯彻,领导,工作,保持,邓小平理论,推进
全会,国有企业,企业,发展,改革,国有经济,推进,必须,加强,许运鸿,国民经济,中央委员会,经营管理者,建设,社会主义,重点,十五大,完善,结合,促进
建设,发展,社会主义,现代化,全会,经济,我国,社会,加强,推进,经济体制,国民经济,会议,中央委员会,同志,生产力,加快,实现,完善,增强
全会,作风,建设,坚持,群众,全党,江泽民,改进,加强,反对,中央委员会,人民,同志,推进,全面,三个代表,第十六次,发展,思想,社会主义
社会主义,十六大,全会,十届,建设,政治文明,坚持,发展,制度,三个代表,会议,管理体制,中央委员会,全国人大,全国政协,精神,中国共产党,一次,第十六届,政治
全会,完善,改革,发展,社会主义,制度,经济体制,经济,深化,加快,坚持,公有制,体系,就业,市场,体制,统筹,体制改革,非公有制,全面
全会,建设,执政,坚持,加强,中央委员会,社会主义,三个代表,能力,江泽民,全面,思想,党的建设,推进,贯彻,第十六届,军队,各族人民,邓小平理论,不断
发展,建设,坚持,全会,经济社会,加强,加快,社会主义,体制改革,十一五,推进,全面,经济,社会,人民,教育,促进,基本,发展观,小康社会
社会,和谐,社会主义,和谐社会,建设,全会,构建,坚持,发展,加强,必须,公平正义,人民,事业,各族人民,特色,文化,全面,领导,完善
社会主义,政治,发展,全会,体制改革,制度,坚持,十七,特色,十一届,民主,科学,建设,抗灾救灾,人民,社会,着力,深化,行政,全党全国
农村,发展,全会,农业,建设,农民,改革,推进,社会主义,工作,城乡,加强,经济社会,坚持,中央委员会,特色,社会,必须,全面,加快
党的建设,全会,建设,坚持,全党,发展,推进,党内,必须,民主,加强,始终,马克思主义,制度,创新,社会主义,和谐,执政,全面,干部
发展,全会,加快,建设,经济,坚持,经济社会,社会主义,加强,推进,转变,社会,文化,全面,科学,中央委员会,体系,方式,人民,提高
文化,社会主义,全会,发展,建设,全面,推动,坚持,人民,繁荣,改革,科学,特色,小康社会,推进,文化产业,价值体系,各族人民,社会,重要
全会,改革,十八,十二届,建设,转变,工作,职能,深化,中央政治局,贯彻,会议,发展,国务院,社会主义,加强,机构,制度,第十八届,中央委员会
全会,制度,社会主义,改革,建设,深化,发展,深化改革,体制,完善,全面,体系,坚持,推进,加快,文化,必须,社会,健全,人民
法治,依法治国,全会,社会主义,推进,立法,司法,完善,法律,坚持,机制,全面,建设,制度,依法,特色,党的领导,工作,社会,体系
发展,全会,坚持,创新,全面,战略,建设,推进,实施,经济,小康社会,提高,社会,完善,加快,习近平,推动,人民,制度,协调
